INSERT INTO public.student (id, created_date, modified_date, date_of_birth, first_name, last_name, email, user_name) VALUES (1, '2020-11-13 17:04:18.000000', '2020-11-13 17:04:20.000000', '1995-11-13', 'Malak', 'Ibrahim', 'mIbrahim@sunflower.com', 'mIbrahim');
INSERT INTO public.student (id, created_date, modified_date, date_of_birth, first_name, last_name, email, user_name) VALUES (2, '2020-11-13 17:04:18.000000', '2020-11-13 17:04:20.000000', '1992-11-13', 'Ahmed', 'Ali', 'aAli@sunflower.com', 'aAli');
INSERT INTO public.student (id, created_date, modified_date, date_of_birth, first_name, last_name, email, user_name) VALUES (3, '2020-11-13 17:04:18.000000', '2020-11-13 17:04:20.000000', '1999-11-13', 'Ali', 'Mahmoud', 'aMahmoud@sunflower.com', 'aMahmoud');
INSERT INTO public.student (id, created_date, modified_date, date_of_birth, first_name, last_name, email, user_name) VALUES (4, '2020-11-13 17:04:18.000000', '2020-11-13 17:04:20.000000', '1996-11-13', 'Saber', 'Ibrahim', 'sIbrahim@sunflower.com', 'sIbrahim');
INSERT INTO public.student (id, created_date, modified_date, date_of_birth, first_name, last_name, email, user_name) VALUES (5, '2020-11-13 17:04:18.000000', '2020-11-13 17:04:20.000000', '2001-11-13', 'Zaki', 'Sayed', 'zSayed@sunflower.com', 'zSayed');
INSERT INTO public.student (id, created_date, modified_date, date_of_birth, first_name, last_name, email, user_name) VALUES (6, '2020-11-13 17:04:18.000000', '2020-11-13 17:04:20.000000', '1999-11-13', 'Sayed', 'Ali', 'sAli@sunflower.com', 'sAli');

INSERT INTO public.teacher (id, created_date, modified_date, courses_taught, first_name, last_name, title, email, user_name) VALUES (1, '2020-11-13 17:05:17.000000', '2020-11-13 17:05:18.000000', 'English,Arabic', 'Ahmed', 'Mohamed', 'English Teacher', 'aMohamed@sunflower.com', 'aMohamed');
INSERT INTO public.teacher (id, created_date, modified_date, courses_taught, first_name, last_name, title, email, user_name) VALUES (2, '2020-11-13 17:05:17.000000', '2020-11-13 17:05:18.000000', 'English,Arabic', 'Mohamed', 'Ali', 'Math Teacher', 'mAli@sunflower.com', 'mAli');
INSERT INTO public.teacher (id, created_date, modified_date, courses_taught, first_name, last_name, title, email, user_name) VALUES (3, '2020-11-13 17:05:17.000000', '2020-11-13 17:05:18.000000', 'English', 'Sayed', 'Islam', 'Arabic Teacher', 'sIslam@sunflower.com', 'sIslam');

INSERT INTO public.course (id, created_date, modified_date, ar_description, ar_name, en_description, en_name, max_capacity, prerequisite, is_available, cost) VALUES (6, '2020-11-13 17:06:23.000000', '2020-11-13 17:06:24.000000', 'History Course', 'History Course', 'History Course', 'History Course', 30, 'English', true, 500.0);
INSERT INTO public.course (id, created_date, modified_date, ar_description, ar_name, en_description, en_name, max_capacity, prerequisite, is_available, cost) VALUES (7, '2020-11-13 17:06:23.000000', '2020-11-13 17:06:24.000000', 'philosophy Course', 'philosophy Course', 'philosophy Course', 'philosophy Course', 20, 'Arabic', false, 600.0);
INSERT INTO public.course (id, created_date, modified_date, ar_description, ar_name, en_description, en_name, max_capacity, prerequisite, is_available, cost) VALUES (1, '2020-11-13 17:06:23.000000', '2020-11-13 17:06:24.000000', 'انجليوى', 'انجليوى', 'English Course', 'English Course', 20, 'Arabic', true, 700.0);
INSERT INTO public.course (id, created_date, modified_date, ar_description, ar_name, en_description, en_name, max_capacity, prerequisite, is_available, cost) VALUES (2, '2020-11-13 17:06:23.000000', '2020-11-13 17:06:24.000000', 'Arabic', 'Arabic', 'Arabic Course', 'Arabic Course', 10, 'Arabic', true, 700.0);
INSERT INTO public.course (id, created_date, modified_date, ar_description, ar_name, en_description, en_name, max_capacity, prerequisite, is_available, cost) VALUES (3, '2020-11-13 17:06:23.000000', '2020-11-13 17:06:24.000000', 'Arabic', 'Math', 'Math Course', 'Math Course', 50, 'Math', true, 800.0);
INSERT INTO public.course (id, created_date, modified_date, ar_description, ar_name, en_description, en_name, max_capacity, prerequisite, is_available, cost) VALUES (4, '2020-11-13 17:06:23.000000', '2020-11-13 17:06:24.000000', 'Science Course', 'Science Course', 'Science Course', 'Science Course', 60, 'Science', true, 500.0);
INSERT INTO public.course (id, created_date, modified_date, ar_description, ar_name, en_description, en_name, max_capacity, prerequisite, is_available, cost) VALUES (5, '2020-11-13 17:06:23.000000', '2020-11-13 17:06:24.000000', 'Electronics Course', 'Electronics Course', 'Electronics Course', 'Electronics Course', 20, 'Arabic', true, 1000.0);


INSERT INTO public.class (id, created_date, modified_date, end_date, name, period_in_weeks, start_date, course_id, teacher_id, is_open) VALUES (1, '2020-11-13 17:57:04.560000', '2020-11-13 17:57:04.560000', '2021-02-01', 'c1-English', 5, '2020-10-01', 1, 1, true);
INSERT INTO public.class (id, created_date, modified_date, end_date, name, period_in_weeks, start_date, course_id, teacher_id, is_open) VALUES (2, '2020-11-14 13:15:57.603000', '2020-11-14 13:15:57.603000', '2021-02-01', 'c2-Arabic', 9, '2020-10-01', 2, 2, true);
INSERT INTO public.class (id, created_date, modified_date, end_date, name, period_in_weeks, start_date, course_id, teacher_id, is_open) VALUES (4, '2020-11-14 13:20:10.894000', '2020-11-14 13:20:10.894000', '2021-02-01', 'm2-Math', 20, '2020-10-01', 4, 3, true);
INSERT INTO public.class (id, created_date, modified_date, end_date, name, period_in_weeks, start_date, course_id, teacher_id, is_open) VALUES (3, '2020-11-14 13:18:54.726000', '2020-11-14 13:18:54.726000', '2021-02-01', 'm1-Math', 20, '2020-10-01', 3, 2, true);

INSERT INTO public.class_student (class_id, student_id) VALUES (1, 1);
INSERT INTO public.class_student (class_id, student_id) VALUES (1, 2);
INSERT INTO public.class_student (class_id, student_id) VALUES (2, 1);
INSERT INTO public.class_student (class_id, student_id) VALUES (3, 1);